observationid;sampleid;longitude;latitude;SAND_N;SAND_SD;SAND;CLAY_N;CLAY_SD;CLAY;CALC_N;CALC_SD;CALC;MAGN_N;MAGN_SD;MAGN;EXAC_N;EXAC_SD;EXAC;POTA_N;POTA_SD;POTA;SODI_N;SODI_SD;SODI;ORCA_N;ORCA_SD;ORCA;ECEC_N;ECEC_SD;ECEC;BUDE_N;BUDE_SD;BUDE
na;sm-dnos-001;-53.794645;-29.651271;3;29;912;3;6;44;2;1;30;2;0;10;2;0;1;2;0;2;na;na;na;2;0;5;na;na;43;1;na;149
na;sm-dnos-002;-53.793987;-29.650564;2;1;735;2;1;102;2;1;32;2;1;10;2;1;8;2;0;2;na;na;na;2;0;8;na;na;52;1;na;156
na;sm-dnos-003;-53.793993;-29.650232;2;2;753;2;3;99;2;1;43;2;1;16;2;0;2;2;0;6;na;na;na;2;0;10;na;na;67;1;na;130
na;sm-dnos-004;-53.794345;-29.650311;3;3;815;3;1;82;2;0;44;2;1;17;2;1;3;2;0;5;na;na;na;4;9;19;na;na;69;1;na;115
na;sm-dnos-005;-53.792947;-29.650838;2;10;684;2;0;100;2;0;38;2;3;8;2;1;6;2;0;2;na;na;na;2;1;13;na;na;54;1;na;117
na;sm-dnos-006;-53.793499;-29.649951;3;6;549;2;1;156;2;1;36;2;0;9;2;1;13;2;0;2;na;na;na;2;0;11;na;na;60;1;na;138
na;sm-dnos-007;-53.793272;-29.649962;2;1;488;2;1;169;2;2;40;2;0;10;2;0;11;2;0;2;na;na;na;2;1;13;na;na;63;1;na;141
na;sm-dnos-008;-53.793633;-29.648468;2;0;792;2;0;102;2;1;25;2;0;5;2;3;14;2;0;1;na;na;na;2;0;12;na;na;45;1;na;107
na;sm-dnos-009;-53.793707;-29.647836;2;0;857;2;1;68;2;1;13;2;0;3;2;0;14;2;0;1;na;na;na;2;1;9;na;na;31;1;na;123
na;sm-dnos-010;-53.793019;-29.64797;2;1;788;2;1;91;2;1;27;2;0;5;2;0;3;2;0;1;na;na;na;4;1;11;na;na;36;1;na;157
na;sm-dnos-011;-53.792816;-29.64804;2;0;833;2;1;69;2;1;21;2;1;8;2;1;4;2;0;2;na;na;na;2;0;6;na;na;35;1;na;137
na;sm-dnos-012;-53.79206;-29.64927;2;3;631;2;1;110;2;1;22;2;0;1;2;0;12;2;0;1;na;na;na;4;1;12;na;na;36;1;na;105
na;sm-dnos-013;-53.79184;-29.648724;2;1;726;2;1;76;2;1;23;2;0;6;2;0;3;2;0;4;na;na;na;2;1;10;na;na;36;1;na;122
na;sm-dnos-014;-53.792442;-29.648539;2;1;718;2;5;115;4;3;47;4;3;25;4;2;36;2;0;5;na;na;na;2;0;15;na;na;113;1;na;118
na;sm-dnos-015;-53.792655;-29.648548;2;5;720;2;2;143;2;1;48;2;1;16;2;1;48;2;0;3;na;na;na;2;1;15;na;na;115;1;na;97
na;sm-dnos-016;-53.792509;-29.647109;2;4;784;2;3;109;2;0;15;2;1;4;2;1;25;2;0;3;na;na;na;2;0;12;na;na;47;1;na;132
na;sm-dnos-017;-53.79256;-29.646736;2;1;755;2;1;87;2;1;26;2;0;7;2;1;6;2;0;1;na;na;na;2;1;10;na;na;40;1;na;146
na;sm-dnos-018;-53.792256;-29.646199;2;0;916;2;1;44;2;0;5;2;0;1;2;1;4;2;0;1;na;na;na;2;0;4;na;na;11;1;na;145
na;sm-dnos-019;-53.792114;-29.645725;2;0;829;2;2;78;2;1;31;2;0;10;2;0;1;2;1;3;na;na;na;4;1;16;na;na;45;1;na;125
na;sm-dnos-020;-53.791419;-29.646682;2;1;815;2;1;79;2;0;17;2;0;3;2;1;13;2;0;1;na;na;na;2;0;7;na;na;34;1;na;139
na;sm-dnos-021;-53.793887;-29.652717;2;13;571;2;1;105;2;1;50;2;0;19;2;1;20;2;0;4;na;na;na;2;0;8;na;na;93;1;na;147
na;sm-dnos-022;-53.790043;-29.648311;2;0;795;2;0;81;2;0;5;2;0;1;2;2;15;2;0;1;na;na;na;2;0;5;na;na;22;1;na;143
na;sm-dnos-023;-53.78955;-29.648663;2;1;842;2;1;70;2;1;4;2;0;1;2;0;13;2;0;1;na;na;na;2;0;3;na;na;19;1;na;69
na;sm-dnos-024;-53.788403;-29.649114;2;0;909;2;1;39;2;0;2;2;0;1;2;0;4;2;0;1;na;na;na;2;0;3;na;na;8;1;na;152
na;sm-dnos-025;-53.786795;-29.650051;4;3;898;4;4;50;2;0;6;2;0;2;2;0;5;2;0;2;na;na;na;2;1;8;na;na;15;1;na;110
na;sm-dnos-026;-53.786729;-29.650198;2;0;882;2;1;58;2;1;8;2;0;2;2;1;5;2;0;1;na;na;na;2;0;7;na;na;16;1;na;141
na;sm-dnos-027;-53.786439;-29.647667;2;11;644;2;6;122;2;0;72;2;0;22;2;1;2;2;0;5;na;na;na;2;1;20;na;na;101;1;na;134
na;sm-dnos-028;-53.786838;-29.647463;2;1;895;2;4;53;2;1;4;2;0;1;2;1;10;2;0;1;na;na;na;2;0;5;na;na;16;1;na;143
na;sm-dnos-029;-53.785726;-29.646196;2;1;896;2;1;44;2;0;5;2;0;1;2;0;4;2;0;1;na;na;na;2;0;5;na;na;11;1;na;141
na;sm-dnos-030;-53.782776;-29.642239;2;1;878;2;1;58;2;0;9;2;0;2;2;1;4;2;0;3;na;na;na;2;1;8;na;na;18;1;na;139
na;sm-dnos-031;-53.782604;-29.641715;2;1;845;2;1;76;2;1;32;2;0;5;3;5;7;2;0;2;na;na;na;2;1;10;na;na;46;1;na;139
na;sm-dnos-032;-53.78358;-29.643612;2;1;846;2;2;83;4;1;3;4;1;1;4;1;11;2;0;2;na;na;na;2;0;5;na;na;17;1;na;153
na;sm-dnos-033;-53.783181;-29.644809;2;1;782;2;2;115;2;1;35;2;1;13;2;0;5;2;0;2;na;na;na;2;0;18;na;na;55;1;na;113
na;sm-dnos-034;-53.786181;-29.645831;3;37;861;4;2;75;2;0;10;2;0;2;2;1;4;2;0;1;na;na;na;2;0;7;na;na;17;1;na;138
na;sm-dnos-035;-53.79162;-29.65165;2;6;722;2;6;113;2;0;11;2;0;2;2;1;12;2;0;2;na;na;na;2;0;17;na;na;27;1;na;130
na;sm-dnos-036;-53.790323;-29.650243;3;3;779;2;8;116;2;0;6;2;0;1;2;4;35;2;0;2;na;na;na;2;0;8;na;na;44;1;na;146
na;sm-dnos-037;-53.789106;-29.649981;2;1;868;2;4;55;2;1;10;2;0;2;2;0;4;2;0;2;na;na;na;2;0;10;na;na;18;1;na;144
na;sm-dnos-038;-53.788766;-29.650904;2;0;849;2;4;66;2;0;5;2;0;1;2;1;6;2;0;1;na;na;na;2;1;6;na;na;13;1;na;142
na;sm-dnos-039;-53.788001;-29.651884;2;1;929;2;0;33;2;0;2;2;0;1;2;0;6;2;0;1;na;na;na;2;0;5;na;na;10;1;na;143
na;sm-dnos-040;-53.78967;-29.652096;2;0;720;2;2;117;2;2;18;2;0;5;2;0;5;2;0;1;na;na;na;2;1;9;na;na;29;1;na;140
na;sm-dnos-041;-53.790849;-29.6533;2;3;705;2;0;85;2;1;5;2;0;1;2;0;20;2;0;2;na;na;na;2;0;7;na;na;28;1;na;145
na;sm-dnos-042;-53.788561;-29.654778;2;5;710;2;1;91;2;0;24;2;0;6;2;1;7;2;0;1;na;na;na;2;1;8;na;na;38;1;na;141
na;sm-dnos-043;-53.788313;-29.654537;2;4;734;2;7;104;2;1;24;2;1;10;2;0;5;2;0;1;na;na;na;2;0;6;na;na;40;1;na;133
na;sm-dnos-044;-53.790373;-29.654251;2;1;836;2;7;69;2;0;6;2;0;2;2;2;15;2;0;1;na;na;na;4;1;8;na;na;24;1;na;144
na;sm-dnos-045;-53.796479;-29.653913;2;0;471;2;4;230;4;1;34;4;1;9;5;4;40;2;0;3;na;na;na;2;1;15;na;na;86;1;na;142
na;sm-dnos-046;-53.795904;-29.653944;2;1;537;3;5;219;4;1;13;4;0;4;5;4;39;2;0;3;na;na;na;2;0;19;na;na;59;1;na;106
na;sm-dnos-047;-53.797283;-29.654583;2;7;478;2;0;243;2;1;17;2;1;4;2;4;137;4;0;3;na;na;na;2;0;15;na;na;161;1;na;153
na;sm-dnos-048;-53.799054;-29.654445;2;16;669;2;1;113;2;1;9;2;1;3;2;1;25;2;0;1;na;na;na;2;1;13;na;na;38;1;na;140
na;sm-dnos-049;-53.799533;-29.653968;2;3;692;2;5;160;2;1;24;2;0;6;2;1;35;2;0;3;na;na;na;5;2;20;na;na;68;1;na;133
na;sm-dnos-050;-53.799876;-29.653101;2;4;572;2;0;163;2;1;35;2;1;12;2;0;15;2;0;4;na;na;na;2;1;15;na;na;66;1;na;145
na;sm-dnos-051;-53.798608;-29.653072;2;13;739;2;0;91;2;0;4;2;1;2;2;1;21;2;0;2;na;na;na;2;0;4;na;na;29;1;na;147
na;sm-dnos-052;-53.797866;-29.653518;2;17;645;2;2;125;4;1;10;4;0;2;5;7;25;2;0;4;na;na;na;4;1;14;na;na;41;1;na;125
na;sm-dnos-053;-53.795823;-29.653543;2;9;659;2;1;160;2;0;8;2;0;2;2;1;62;2;1;2;na;na;na;2;0;9;na;na;74;1;na;131
na;sm-dnos-054;-53.794759;-29.65719;2;2;699;2;8;89;4;2;29;4;1;20;5;5;4;2;0;2;na;na;na;2;1;19;na;na;55;1;na;125
na;sm-dnos-055;-53.798576;-29.655777;3;2;768;3;3;80;2;1;9;2;0;2;2;2;19;2;1;2;na;na;na;2;1;12;na;na;32;1;na;102
na;sm-dnos-056;-53.800101;-29.656367;2;1;725;2;7;88;2;1;16;2;0;4;2;1;9;2;0;2;na;na;na;4;1;10;na;na;31;1;na;154
na;sm-dnos-057;-53.802126;-29.656873;2;0;770;2;2;102;2;1;14;2;1;4;2;1;11;2;0;3;na;na;na;2;1;17;na;na;32;1;na;137
na;sm-dnos-058;-53.801405;-29.657328;2;4;785;2;1;79;2;1;13;2;0;3;2;0;3;2;0;2;na;na;na;2;1;9;na;na;21;1;na;150
na;sm-dnos-059;-53.795093;-29.656811;2;1;830;2;1;51;2;0;5;2;0;1;2;2;8;2;0;1;na;na;na;2;0;7;na;na;15;1;na;146
na;sm-dnos-060;-53.79213;-29.655161;4;7;696;4;8;106;2;1;37;2;1;13;2;1;2;2;0;4;na;na;na;2;0;8;na;na;56;1;na;134
na;sm-dnos-061;-53.793303;-29.655905;2;4;781;2;1;64;2;0;12;2;0;5;2;1;13;2;0;3;na;na;na;2;0;7;na;na;33;1;na;145
na;sm-dnos-062;-53.799539;-29.652645;3;13;606;3;7;146;2;1;22;2;0;6;2;1;19;2;0;2;na;na;na;2;0;10;na;na;49;1;na;161
na;sm-dnos-063;-53.807537;-29.652779;2;1;838;2;4;85;2;1;24;2;1;12;3;5;20;2;0;2;na;na;na;2;1;12;na;na;58;1;na;168
na;sm-dnos-064;-53.806834;-29.652269;2;1;854;2;3;70;4;1;4;4;1;1;4;3;15;2;0;1;na;na;na;2;0;11;na;na;21;1;na;175
na;sm-dnos-065;-53.806154;-29.651724;2;8;867;2;1;51;2;0;3;2;0;2;2;2;8;2;0;1;na;na;na;2;1;8;na;na;14;1;na;183
na;sm-dnos-066;-53.808047;-29.651232;2;5;905;2;7;40;2;0;3;2;0;1;2;1;7;2;0;1;na;na;na;2;0;5;na;na;12;1;na;161
na;sm-dnos-067;-53.810477;-29.650894;2;1;903;2;8;52;2;0;14;2;0;2;2;1;4;2;0;2;na;na;na;2;1;7;na;na;22;1;na;160
na;sm-dnos-068;-53.810061;-29.650623;2;2;918;2;3;37;2;1;4;2;0;1;2;1;10;2;1;2;na;na;na;2;0;6;na;na;17;1;na;178
na;sm-dnos-069;-53.804721;-29.651086;3;3;728;2;3;87;2;1;18;2;0;4;2;1;2;2;0;2;na;na;na;2;0;12;na;na;26;1;na;137
na;sm-dnos-070;-53.803219;-29.651684;2;4;692;2;3;113;2;0;16;2;0;3;2;1;16;2;0;2;na;na;na;2;0;14;na;na;37;1;na;163
na;sm-dnos-071;-53.804261;-29.652893;2;5;775;2;1;111;2;0;18;2;1;7;2;0;11;2;0;2;na;na;na;2;0;12;na;na;38;1;na;165
na;sm-dnos-072;-53.802675;-29.652871;2;7;733;2;1;121;2;0;12;2;0;5;2;0;11;2;0;1;na;na;na;2;1;12;na;na;29;1;na;180
na;sm-dnos-073;-53.803316;-29.653768;2;1;597;2;1;216;2;1;63;2;1;28;2;1;4;2;0;2;na;na;na;2;0;26;na;na;97;1;na;157
na;sm-dnos-074;-53.802057;-29.65548;4;1;902;3;6;38;2;0;9;2;0;2;2;0;2;2;0;1;na;na;na;2;1;6;na;na;14;1;na;182
na;sm-dnos-075;-53.801966;-29.654216;2;3;805;2;1;80;2;1;14;2;0;4;2;0;9;2;0;2;na;na;na;2;1;12;na;na;29;1;na;167
na;sm-dnos-076;-53.801884;-29.651857;2;5;756;2;3;113;2;0;9;2;0;3;2;0;30;2;0;2;na;na;na;2;1;14;na;na;44;1;na;171
na;sm-dnos-077;-53.801571;-29.649229;2;0;741;2;2;126;2;0;8;2;0;2;2;1;47;2;0;1;na;na;na;2;0;12;na;na;58;1;na;146
na;sm-dnos-078;-53.800074;-29.648679;2;4;602;2;16;176;2;3;40;2;1;3;2;1;34;2;0;1;na;na;na;2;0;20;na;na;78;1;na;152
na;sm-dnos-079;-53.798709;-29.649183;2;0;637;2;13;183;2;6;53;4;4;15;2;1;28;2;0;2;na;na;na;2;1;21;na;na;98;1;na;131
na;sm-dnos-080;-53.79658;-29.647794;2;8;581;2;4;134;2;8;56;4;3;20;2;1;2;2;0;2;na;na;na;2;1;14;na;na;80;1;na;150
na;sm-dnos-081;-53.798624;-29.647548;3;3;601;3;19;152;2;1;41;2;1;15;2;1;6;2;0;1;na;na;na;2;0;13;na;na;63;1;na;154
na;sm-dnos-082;-53.800643;-29.646427;2;6;732;2;6;73;2;1;17;2;1;4;2;1;6;2;0;1;na;na;na;2;0;7;na;na;28;1;na;167
na;sm-dnos-083;-53.801826;-29.646066;3;23;637;3;6;124;2;0;19;2;0;1;2;0;23;2;0;2;na;na;na;3;4;11;na;na;45;1;na;160
na;sm-dnos-084;-53.802176;-29.648401;2;6;714;2;5;116;2;1;31;2;1;13;2;1;19;2;0;4;na;na;na;2;0;13;na;na;67;1;na;181
na;sm-dnos-085;-53.800361;-29.651218;4;10;723;4;16;148;2;0;15;2;0;9;2;1;25;2;0;3;na;na;na;3;1;15;na;na;52;1;na;111
na;sm-dnos-086;-53.79877;-29.651636;2;18;520;2;6;228;2;1;30;2;1;10;2;3;49;2;0;2;na;na;na;2;0;19;na;na;91;1;na;130
na;sm-dnos-087;-53.797196;-29.650298;2;18;536;2;6;148;2;1;20;2;1;3;2;0;24;2;0;1;na;na;na;2;1;16;na;na;48;1;na;167
na;sm-dnos-088;-53.796987;-29.649121;4;12;732;4;21;90;2;3;20;2;4;10;2;1;8;2;0;1;na;na;na;2;1;9;na;na;39;1;na;170
na;sm-dnos-089;-53.794885;-29.649711;4;7;683;4;22;119;2;1;18;2;1;4;2;0;10;2;0;3;na;na;na;2;1;12;na;na;35;1;na;173
na;sm-dnos-090;-53.795826;-29.650713;2;9;707;2;1;147;2;1;14;2;0;2;2;1;19;2;0;1;na;na;na;2;0;14;na;na;36;1;na;161
na;sm-dnos-091;-53.796188;-29.652779;3;3;615;4;6;148;2;1;11;2;0;3;2;1;33;2;0;4;na;na;na;2;1;18;na;na;51;1;na;132
na;sm-dnos-092;-53.794408;-29.654742;2;1;744;2;4;77;2;0;7;2;0;1;2;1;13;2;0;1;na;na;na;2;0;10;na;na;22;1;na;153
na;sm-dnos-093;-53.797649;-29.657177;2;10;630;2;1;114;2;0;28;2;0;6;2;0;2;2;0;3;na;na;na;3;2;14;na;na;39;1;na;147
na;sm-dnos-094;-53.800373;-29.655175;4;3;862;4;23;55;2;1;10;2;0;3;2;1;3;2;0;3;na;na;na;2;1;9;na;na;19;1;na;139
na;sm-dnos-095;-53.806399;-29.654389;5;22;481;5;27;161;2;3;68;2;3;31;2;0;1;2;0;6;na;na;na;2;0;24;na;na;106;1;na;134
na;sm-dnos-096;-53.804268;-29.656062;2;14;506;2;16;143;2;8;75;2;4;41;2;1;2;2;0;8;na;na;na;2;1;27;na;na;126;1;na;149
na;sm-dnos-097;-53.805302;-29.657426;2;0;614;2;2;160;2;4;70;2;1;20;2;0;1;2;0;6;na;na;na;2;1;29;na;na;97;1;na;162
na;sm-dnos-098;-53.807257;-29.657608;3;5;700;2;16;167;2;1;11;2;0;1;2;1;24;2;0;2;na;na;na;3;1;23;na;na;38;1;na;150
na;sm-dnos-099;-53.80759;-29.656464;4;1;906;3;2;50;2;3;9;2;0;2;2;0;3;2;0;1;na;na;na;3;3;8;na;na;15;1;na;173
na;sm-dnos-100;-53.809483;-29.655057;3;5;492;2;1;266;2;4;63;2;1;49;2;0;4;2;0;5;na;na;na;2;0;31;na;na;121;1;na;114
na;sm-dnos-101;-53.810455;-29.653456;2;0;875;2;11;63;2;1;9;2;0;2;2;2;4;2;0;1;na;na;na;3;1;11;na;na;16;1;na;177
na;sm-dnos-102;-53.813868;-29.653407;2;4;435;2;1;214;2;2;39;2;2;17;2;1;2;2;0;5;na;na;na;2;0;23;na;na;63;1;na;168
na;sm-dnos-103;-53.815807;-29.651554;2;1;771;2;1;126;2;0;19;2;0;3;2;1;6;2;0;1;na;na;na;2;1;16;na;na;29;1;na;181
na;sm-dnos-104;-53.817632;-29.649864;2;14;490;2;4;229;2;4;80;2;3;66;2;0;8;2;0;3;na;na;na;2;1;18;na;na;157;1;na;161
na;sm-dnos-105;-53.818873;-29.647536;2;0;355;2;14;140;2;0;31;2;0;5;2;0;1;2;0;3;na;na;na;2;1;17;na;na;40;1;na;137
na;sm-dnos-106;-53.820936;-29.647208;2;1;262;2;0;219;2;1;35;2;0;9;2;0;1;2;0;7;na;na;na;2;0;23;na;na;52;1;na;152
na;sm-dnos-107;-53.819961;-29.644967;2;8;192;2;1;321;2;2;133;2;2;90;2;0;2;2;0;9;na;na;na;2;1;48;na;na;234;1;na;123
na;sm-dnos-108;-53.817577;-29.645775;2;3;259;2;6;282;2;1;64;2;2;40;2;1;2;2;0;1;na;na;na;2;1;24;na;na;107;1;na;120
na;sm-dnos-109;-53.816721;-29.644392;2;1;253;2;6;276;2;9;145;2;4;88;2;0;1;2;0;9;na;na;na;2;1;36;na;na;243;1;na;116
na;sm-dnos-110;-53.816153;-29.646251;4;5;584;4;24;199;2;1;45;2;1;15;2;1;3;2;0;2;na;na;na;4;5;24;na;na;65;1;na;157
na;sm-dnos-111;-53.816611;-29.648404;4;35;568;4;9;205;2;1;26;2;1;7;2;1;8;2;0;0;na;na;na;2;0;21;na;na;41;1;na;159
na;sm-dnos-112;-53.811275;-29.6551;3;5;613;3;9;196;2;2;33;2;1;11;2;0;1;2;0;3;na;na;na;2;0;17;na;na;48;1;na;183
na;sm-dnos-113;-53.807366;-29.653931;2;2;801;2;20;96;2;1;44;2;1;10;2;3;5;2;0;2;na;na;na;2;0;16;na;na;61;1;na;164
na;sm-dnos-114;-53.808993;-29.651437;2;1;851;2;8;68;2;1;12;2;0;3;2;4;6;2;0;2;na;na;na;2;1;7;na;na;23;1;na;180
na;sm-dnos-115;-53.812923;-29.649653;4;11;640;4;4;112;2;1;80;2;3;51;2;0;1;2;0;4;na;na;na;2;1;24;na;na;136;1;na;163
na;sm-dnos-116;-53.813232;-29.65128;2;1;884;2;8;35;2;0;6;2;0;2;2;0;1;2;0;2;na;na;na;2;0;5;na;na;11;1;na;176
na;sm-dnos-117;-53.814701;-29.649635;2;1;880;2;2;37;2;0;12;2;0;2;2;0;1;2;0;2;na;na;na;2;0;7;na;na;17;1;na;173
na;sm-dnos-118;-53.81388;-29.647975;2;8;754;2;4;131;2;4;46;2;1;14;2;0;9;2;0;3;na;na;na;4;4;29;na;na;72;1;na;145
na;sm-dnos-119;-53.814177;-29.646382;2;1;782;2;3;75;2;6;99;2;8;73;2;0;1;2;0;6;na;na;na;7;4;32;na;na;179;1;na;110
na;sm-dnos-120;-53.814058;-29.644258;2;1;770;2;3;76;2;1;35;2;0;7;2;1;2;2;0;3;na;na;na;2;1;11;na;na;47;1;na;146
na;sm-dnos-121;-53.812037;-29.643926;2;5;184;2;5;307;2;6;375;5;15;119;2;1;2;2;4;5;na;na;na;2;1;46;na;na;501;1;na;87
na;sm-dnos-122;-53.810899;-29.641713;2;4;874;2;2;55;2;0;7;2;1;2;2;1;4;2;0;1;na;na;na;2;1;5;na;na;14;1;na;169
na;sm-dnos-123;-53.803386;-29.649988;2;1;788;2;8;141;2;1;15;2;0;2;2;2;41;2;0;2;na;na;na;2;1;16;na;na;60;1;na;177
na;sm-dnos-124;-53.80643;-29.649006;2;2;855;2;4;73;2;1;5;2;0;1;2;1;14;2;0;2;na;na;na;2;0;7;na;na;22;1;na;178
na;sm-dnos-125;-53.808957;-29.648853;2;1;857;2;3;77;2;1;4;2;1;1;2;1;11;2;0;1;na;na;na;2;0;5;na;na;17;1;na;171
na;sm-dnos-126;-53.811243;-29.649264;2;2;843;2;5;81;2;1;6;2;0;1;2;0;13;2;0;1;na;na;na;2;0;7;na;na;21;1;na;190
na;sm-dnos-127;-53.811811;-29.647241;2;1;880;2;1;58;2;1;2;2;0;1;2;1;10;2;0;1;na;na;na;2;0;5;na;na;14;1;na;180
na;sm-dnos-128;-53.808963;-29.64702;2;1;886;2;3;60;2;0;1;2;1;1;2;1;10;2;0;0;na;na;na;3;1;4;na;na;12;1;na;166
na;sm-dnos-129;-53.806336;-29.647018;2;1;833;2;1;59;2;0;5;2;0;1;2;1;10;2;0;1;na;na;na;2;1;5;na;na;17;1;na;176
na;sm-dnos-130;-53.804158;-29.647128;4;7;792;3;4;67;2;0;6;2;0;1;2;0;18;2;0;1;na;na;na;2;1;6;na;na;26;1;na;137
na;sm-dnos-131;-53.805031;-29.643413;2;1;852;2;1;67;2;1;11;2;0;2;2;0;3;2;0;2;na;na;na;2;0;5;na;na;18;1;na;174
na;sm-dnos-132;-53.804305;-29.645335;2;6;741;2;8;154;2;0;7;2;0;3;3;11;39;2;0;3;na;na;na;2;1;9;na;na;52;1;na;171
na;sm-dnos-133;-53.80691;-29.644425;2;0;860;2;1;75;2;1;9;2;0;1;2;1;8;2;0;1;na;na;na;2;0;5;na;na;19;1;na;174
na;sm-dnos-134;-53.809659;-29.64505;2;1;369;2;2;209;2;1;131;2;1;84;2;0;2;2;0;1;na;na;na;3;1;27;na;na;218;na;na;na
na;sm-dnos-135;-53.812042;-29.645162;2;3;201;2;5;214;2;6;328;4;8;95;2;0;1;2;0;5;na;na;na;2;0;33;na;na;429;na;na;na
na;sm-dnos-136;-53.814595;-29.641137;2;9;382;2;5;195;2;17;164;2;1;99;2;0;1;2;0;7;na;na;na;2;1;20;na;na;271;1;na;143
na;sm-dnos-137;-53.814757;-29.642793;2;2;835;2;1;86;2;4;25;2;1;5;2;1;2;2;0;1;na;na;na;2;1;8;na;na;33;1;na;171
na;sm-dnos-138;-53.809797;-29.642767;2;1;881;2;0;83;2;1;9;2;0;1;2;2;12;2;0;0;na;na;na;2;1;8;na;na;22;1;na;178
na;sm-dnos-139;-53.806685;-29.641557;2;2;775;2;2;126;2;0;11;2;0;3;2;0;13;2;1;4;na;na;na;2;0;9;na;na;31;1;na;181
na;sm-dnos-140;-53.787549;-29.641442;2;4;256;2;13;319;2;24;187;2;1;49;2;0;1;2;1;8;na;na;na;5;5;88;na;na;245;1;na;63
na;sm-dnos-141;-53.790576;-29.642679;2;6;493;2;5;171;2;3;97;2;1;26;2;0;1;2;0;1;na;na;na;2;1;14;na;na;125;1;na;156
na;sm-dnos-142;-53.788381;-29.63922;3;7;184;2;1;298;2;3;218;2;1;48;2;0;1;2;0;5;na;na;na;2;1;59;na;na;272;1;na;76
na;sm-dnos-143;-53.786019;-29.637508;2;6;165;2;3;298;2;3;144;2;1;64;2;0;1;2;1;8;na;na;na;4;4;59;na;na;217;1;na;86
na;sm-dnos-144;-53.788554;-29.637093;2;9;227;2;1;295;2;6;204;2;2;111;2;0;1;2;0;9;na;na;na;3;1;34;na;na;325;1;na;102
na;sm-dnos-145;-53.785555;-29.634745;4;10;155;3;20;360;2;12;383;4;11;83;2;0;1;2;0;12;na;na;na;3;1;100;na;na;479;1;na;135
na;sm-dnos-146;-53.782922;-29.63555;2;3;318;2;4;232;2;1;123;2;1;36;2;0;1;2;0;5;na;na;na;2;0;26;na;na;165;1;na;121
na;sm-dnos-147;-53.770017;-29.640732;2;6;324;2;3;268;2;4;43;2;1;14;2;0;3;3;0;4;na;na;na;2;0;24;na;na;64;1;na;103
na;sm-dnos-148;-53.773006;-29.640575;2;6;396;2;4;144;2;0;45;2;0;16;2;0;6;3;0;4;na;na;na;3;2;23;na;na;71;na;na;na
na;sm-dnos-149;-53.775973;-29.639462;3;15;308;3;4;121;2;3;60;2;4;42;2;0;6;3;1;6;na;na;na;2;1;25;na;na;114;1;na;147
na;sm-dnos-150;-53.776691;-29.637458;2;13;179;2;5;161;2;0;33;2;1;12;2;1;57;3;0;5;na;na;na;3;2;22;na;na;107;1;na;103
na;sm-dnos-151;-53.773347;-29.637918;2;1;219;2;19;324;2;1;18;2;0;5;2;0;42;3;0;4;na;na;na;2;1;29;na;na;69;1;na;97
na;sm-dnos-152;-53.770344;-29.638366;2;4;212;2;2;316;2;1;26;2;0;20;2;1;8;2;1;3;na;na;na;2;1;18;na;na;57;1;na;160
na;sm-dnos-153;-53.774149;-29.6352;3;8;98;2;2;764;2;2;72;2;0;24;2;0;3;3;0;3;na;na;na;2;0;49;na;na;102;na;na;na
na;sm-dnos-154;-53.770128;-29.635703;2;6;164;2;1;405;2;1;7;2;1;3;2;0;42;2;1;2;na;na;na;2;0;18;na;na;54;1;na;131
na;sm-dnos-155;-53.770967;-29.633143;2;4;144;2;2;390;2;1;14;2;0;3;2;2;29;3;1;2;na;na;na;2;0;20;na;na;48;1;na;133
na;sm-dnos-156;-53.775819;-29.630383;2;0;250;2;2;132;2;1;44;2;1;10;2;3;24;3;0;1;na;na;na;2;0;20;na;na;79;1;na;152
na;sm-dnos-157;-53.771754;-29.630468;2;2;364;2;1;238;2;8;42;4;1;22;2;0;3;3;0;4;na;na;na;2;1;28;na;na;71;1;na;129
na;sm-dnos-158;-53.772261;-29.627864;2;4;116;2;11;456;2;1;25;2;1;31;2;2;4;3;0;1;na;na;na;2;0;20;na;na;61;1;na;149
na;sm-dnos-159;-53.793845;-29.641301;4;59;565;4;11;120;2;2;118;2;2;75;2;1;2;3;1;5;na;na;na;3;1;14;na;na;200;1;na;107
na;sm-dnos-160;-53.795824;-29.63928;2;10;520;2;3;255;2;1;63;2;0;20;2;0;1;2;1;3;na;na;na;2;1;30;na;na;87;1;na;158
na;sm-dnos-161;-53.792181;-29.639704;2;1;881;2;0;82;2;0;38;2;0;8;2;0;1;3;0;3;na;na;na;2;0;12;na;na;50;1;na;138
na;sm-dnos-162;-53.793533;-29.637754;2;4;175;2;1;314;2;3;110;2;3;83;2;0;2;3;1;5;na;na;na;4;2;32;na;na;200;1;na;118
na;sm-dnos-163;-53.791644;-29.637043;2;1;867;2;4;70;2;4;23;2;1;4;2;1;4;3;0;1;na;na;na;2;1;8;na;na;32;1;na;192
na;sm-dnos-164;-53.79277;-29.634679;2;4;712;2;6;123;2;3;89;2;1;30;2;0;5;2;0;2;na;na;na;3;2;12;na;na;126;1;na;167
na;sm-dnos-165;-53.793491;-29.632815;3;5;845;2;6;78;2;2;16;2;2;3;2;0;5;4;1;3;na;na;na;2;1;8;na;na;27;1;na;185
na;sm-dnos-166;-53.792412;-29.632731;2;1;888;2;1;48;4;1;3;4;0;1;2;1;3;3;1;1;na;na;na;3;1;5;na;na;8;1;na;180
na;sm-dnos-167;-53.789929;-29.631019;2;6;543;2;4;94;2;7;129;2;0;76;2;0;2;2;0;5;na;na;na;2;0;11;na;na;212;1;na;140
na;sm-dnos-168;-53.789562;-29.633504;2;7;230;2;8;277;2;12;194;2;0;79;2;0;1;2;0;8;na;na;na;2;1;61;na;na;282;na;na;na
na;sm-dnos-169;-53.808173;-29.640348;3;4;785;3;5;118;4;6;11;4;1;3;2;2;20;2;0;1;na;na;na;2;1;10;na;na;35;1;na;164
na;sm-dnos-170;-53.791219;-29.659826;2;5;838;2;10;58;2;1;22;2;0;13;2;0;1;2;1;2;na;na;na;2;0;6;na;na;38;1;na;179
na;sm-dnos-171;-53.791357;-29.661561;2;4;892;2;1;38;2;1;31;2;0;9;2;0;1;2;0;1;na;na;na;2;0;5;na;na;42;1;na;183
na;sm-dnos-172;-53.790273;-29.661112;2;3;863;2;0;47;2;1;35;2;1;12;2;0;1;2;0;2;na;na;na;2;0;6;na;na;50;1;na;168
na;sm-dnos-173;-53.788316;-29.660327;2;11;441;2;7;180;2;1;42;2;1;5;2;0;5;2;0;1;na;na;na;2;0;15;na;na;53;1;na;157
na;sm-dnos-174;-53.791491;-29.657305;2;6;774;2;2;92;2;1;90;2;2;57;2;1;2;2;0;2;na;na;na;2;1;10;na;na;151;1;na;158
na;sm-dnos-175;-53.788747;-29.656993;2;12;729;2;1;76;2;2;34;2;1;11;2;0;1;2;0;4;na;na;na;2;0;13;na;na;50;1;na;145
na;sm-dnos-176;-53.785327;-29.65311;2;0;891;2;1;63;2;0;11;2;0;4;2;0;11;2;0;1;na;na;na;3;1;8;na;na;27;1;na;159
na;sm-dnos-177;-53.783219;-29.651386;2;4;544;2;1;104;2;8;234;2;2;92;2;0;1;2;1;7;na;na;na;2;0;24;na;na;334;na;na;na
na;sm-dnos-178;-53.783879;-29.649234;2;16;389;2;16;244;2;0;153;2;1;66;2;0;1;2;0;4;na;na;na;2;1;79;na;na;224;na;na;na
na;sm-dnos-179;-53.780514;-29.648612;4;25;337;4;16;170;2;3;61;2;2;33;2;1;7;2;0;4;na;na;na;2;0;14;na;na;105;1;na;129
na;sm-dnos-180;-53.778733;-29.646016;2;6;329;2;1;137;2;1;39;2;1;11;2;0;3;2;1;7;na;na;na;2;1;25;na;na;60;1;na;93
na;sm-dnos-181;-53.777791;-29.644165;2;11;163;2;2;190;2;1;51;2;1;14;2;0;1;2;0;7;na;na;na;2;1;28;na;na;73;1;na;128
na;sm-dnos-182;-53.77652;-29.642462;2;8;209;2;4;105;2;1;50;2;1;18;2;1;3;2;0;4;na;na;na;2;0;13;na;na;75;1;na;137
na;sm-dnos-183;-53.772698;-29.64255;2;1;396;2;6;176;2;0;28;2;0;14;2;1;58;2;0;3;na;na;na;2;0;14;na;na;103;1;na;110
na;sm-dnos-184;-53.773951;-29.632775;2;1;208;2;8;158;2;6;94;2;2;37;2;0;1;2;0;5;na;na;na;5;3;40;na;na;137;na;na;na
na;sm-dnos-185;-53.77524;-29.62796;2;7;272;2;4;274;2;4;29;2;1;18;2;0;3;2;0;1;na;na;na;2;1;16;na;na;51;1;na;158
na;sm-dnos-186;-53.779236;-29.630274;2;17;251;2;1;202;2;1;64;2;2;37;2;0;2;2;0;6;na;na;na;2;0;24;na;na;109;na;na;na
na;sm-dnos-187;-53.779139;-29.628052;2;0;211;2;6;314;2;3;10;2;1;8;2;0;26;2;0;4;na;na;na;2;0;17;na;na;48;1;na;176
na;sm-dnos-188;-53.783342;-29.627437;2;1;306;2;7;246;2;0;22;2;0;6;2;1;11;2;0;3;na;na;na;3;1;25;na;na;42;1;na;139
na;sm-dnos-189;-53.785368;-29.628124;3;18;324;3;6;215;2;1;58;2;1;28;2;1;3;2;0;7;na;na;na;2;1;24;na;na;96;1;na;134
na;sm-dnos-190;-53.785349;-29.625145;2;7;314;2;1;327;2;1;9;2;1;3;2;1;26;2;0;2;na;na;na;2;0;21;na;na;40;1;na;163
na;sm-dnos-191;-53.787398;-29.62342;2;4;197;2;8;454;2;0;16;2;0;12;2;0;11;2;0;1;na;na;na;2;1;20;na;na;40;1;na;161
na;sm-dnos-192;-53.788318;-29.621231;2;1;201;2;0;413;2;0;10;2;0;7;2;1;26;2;0;2;na;na;na;2;1;24;na;na;45;1;na;147
na;sm-dnos-193;-53.790046;-29.61797;3;25;179;3;24;329;2;2;74;2;2;37;2;1;3;2;0;7;na;na;na;4;9;81;na;na;121;na;na;na
na;sm-dnos-194;-53.7917;-29.615567;2;6;238;2;0;374;2;1;19;2;1;8;2;0;19;2;0;3;na;na;na;2;0;21;na;na;49;1;na;163
na;sm-dnos-195;-53.793258;-29.618216;2;1;256;2;0;257;2;1;45;2;1;17;2;1;6;2;0;6;na;na;na;2;0;28;na;na;74;1;na;116
na;sm-dnos-196;-53.795506;-29.614269;2;6;221;2;4;420;2;1;22;2;0;14;2;1;14;2;0;3;na;na;na;2;1;21;na;na;53;1;na;152
na;sm-dnos-197;-53.793946;-29.611541;2;4;210;2;8;408;2;1;6;2;0;5;2;1;34;2;0;1;na;na;na;2;1;25;na;na;46;1;na;134
na;sm-dnos-198;-53.796737;-29.61049;2;4;186;2;1;491;2;1;5;2;0;4;2;1;44;2;0;1;na;na;na;2;1;18;na;na;54;1;na;151
na;sm-dnos-199;-53.798536;-29.612433;2;0;260;2;1;281;2;0;2;2;0;2;2;0;29;2;0;1;na;na;na;2;1;17;na;na;34;1;na;164
na;sm-dnos-200;-53.796745;-29.616664;2;5;200;2;6;397;2;1;15;2;0;6;2;0;17;2;0;2;na;na;na;2;0;21;na;na;40;1;na;169
na;sm-dnos-201;-53.797217;-29.619087;2;8;169;2;7;403;2;0;19;2;1;11;2;0;22;2;0;6;na;na;na;3;1;30;na;na;58;1;na;108
na;sm-dnos-202;-53.789514;-29.625137;2;1;191;2;20;319;2;0;65;2;1;33;2;2;3;2;1;8;na;na;na;2;0;64;na;na;109;na;na;na
na;sm-dnos-203;-53.791354;-29.624543;2;1;145;2;6;298;2;2;66;2;2;36;2;0;2;2;0;5;na;na;na;3;1;41;na;na;109;na;na;na
na;sm-dnos-204;-53.792262;-29.620957;3;3;212;2;5;381;2;1;85;2;2;40;2;0;2;2;0;5;na;na;na;2;1;37;na;na;132;1;na;138
na;sm-dnos-205;-53.795304;-29.621054;2;5;192;2;8;324;2;2;58;2;1;17;2;0;5;2;0;5;na;na;na;3;2;41;na;na;85;na;na;na
na;sm-dnos-206;-53.79328;-29.624849;2;1;313;2;8;269;2;2;11;2;0;4;2;0;32;2;0;3;na;na;na;2;0;26;na;na;50;1;na;103
na;sm-dnos-207;-53.797944;-29.624563;2;5;313;2;19;308;2;2;40;2;0;23;2;1;4;2;0;6;na;na;na;2;1;28;na;na;73;1;na;146
na;sm-dnos-208;-53.798718;-29.621531;3;4;211;3;83;401;2;3;69;2;6;54;2;1;2;2;0;5;na;na;na;3;1;46;na;na;130;na;na;na
na;sm-dnos-209;-53.80126;-29.628894;2;16;175;2;6;338;2;1;107;2;1;83;2;0;2;2;0;5;na;na;na;3;1;33;na;na;197;1;na;118
na;sm-dnos-210;-53.800734;-29.624383;2;4;303;2;4;305;2;1;9;2;1;9;2;0;26;2;0;3;na;na;na;2;0;17;na;na;47;1;na;161
na;sm-dnos-211;-53.801974;-29.622385;2;8;280;2;1;252;2;1;22;2;1;11;2;0;9;2;0;3;na;na;na;2;0;23;na;na;45;1;na;176
na;sm-dnos-212;-53.805302;-29.622928;2;7;277;2;4;280;4;4;20;4;1;6;2;0;7;2;0;4;na;na;na;2;1;20;na;na;37;1;na;132
na;sm-dnos-213;-53.804503;-29.620519;2;6;192;2;11;275;2;3;67;2;4;45;2;0;2;2;0;8;na;na;na;4;4;68;na;na;122;na;na;na
na;sm-dnos-214;-53.801228;-29.618387;3;9;170;2;8;267;2;2;59;2;0;49;2;0;8;2;1;5;na;na;na;2;0;54;na;na;121;1;na;125
na;sm-dnos-215;-53.822924;-29.623346;2;10;357;2;7;238;2;3;35;2;1;7;2;0;2;2;0;2;na;na;na;2;0;18;na;na;46;1;na;138
na;sm-dnos-216;-53.819207;-29.621771;2;8;334;2;3;218;2;1;114;2;2;39;2;1;2;2;0;3;na;na;na;2;1;31;na;na;158;1;na;135
na;sm-dnos-217;-53.816321;-29.620647;2;7;336;2;2;154;2;0;133;2;1;71;2;0;2;2;0;5;na;na;na;2;1;19;na;na;211;na;na;na
na;sm-dnos-218;-53.817553;-29.616431;2;1;242;2;6;294;2;2;43;2;1;9;2;1;4;2;0;5;na;na;na;2;1;33;na;na;61;na;na;na
na;sm-dnos-219;-53.816231;-29.618045;2;6;231;2;4;166;2;7;130;2;2;56;2;0;1;2;0;5;na;na;na;2;1;27;na;na;192;na;na;na
na;sm-dnos-220;-53.813617;-29.614749;3;23;249;3;31;209;2;18;137;2;6;68;2;1;2;2;0;9;na;na;na;3;2;32;na;na;216;1;na;126
na;sm-dnos-221;-53.812664;-29.616864;2;4;291;2;1;263;2;1;70;2;1;20;2;1;2;2;0;5;na;na;na;4;2;29;na;na;97;1;na;129
na;sm-dnos-222;-53.813449;-29.619463;2;0;240;2;1;186;2;1;62;2;0;20;2;0;1;2;0;5;na;na;na;2;0;28;na;na;88;na;na;na
na;sm-dnos-223;-53.809642;-29.617424;2;6;393;2;5;146;2;0;118;2;3;62;2;0;3;2;1;9;na;na;na;3;2;27;na;na;192;1;na;124
na;sm-dnos-224;-53.81223;-29.610305;2;6;227;2;4;322;2;1;22;2;0;10;2;0;10;2;1;7;na;na;na;2;0;31;na;na;49;1;na;141
na;sm-dnos-225;-53.809643;-29.613359;2;4;179;2;6;297;2;8;62;4;3;19;2;0;3;3;1;7;na;na;na;2;1;37;na;na;91;1;na;107
na;sm-dnos-226;-53.80738;-29.615494;2;1;182;2;18;292;2;3;74;2;1;21;2;1;4;2;0;6;na;na;na;3;1;46;na;na;105;na;na;na
na;sm-dnos-227;-53.817121;-29.624174;3;4;796;3;4;73;2;2;24;2;0;9;2;2;4;2;0;1;na;na;na;2;0;7;na;na;38;na;na;na
na;sm-dnos-228;-53.815956;-29.626721;2;1;572;2;1;90;2;11;289;2;4;77;2;0;3;2;0;4;na;na;na;4;3;21;na;na;373;na;na;na
na;sm-dnos-229;-53.814091;-29.629407;2;4;778;2;1;96;2;3;62;2;4;39;2;1;3;2;0;1;na;na;na;2;1;15;na;na;105;1;na;164
na;sm-dnos-230;-53.81169;-29.631197;2;1;754;2;1;88;2;3;20;2;1;6;2;0;5;2;0;2;na;na;na;2;1;12;na;na;33;1;na;175
na;sm-dnos-231;-53.813642;-29.63279;2;12;629;2;0;103;2;3;74;2;2;36;2;1;2;2;0;6;na;na;na;2;1;15;na;na;118;na;na;na
na;sm-dnos-232;-53.820196;-29.623587;2;18;286;2;14;238;2;0;143;2;1;56;2;0;1;2;0;8;na;na;na;2;1;39;na;na;208;1;na;140
na;sm-dnos-233;-53.818971;-29.626035;3;51;442;2;5;134;2;8;392;4;9;45;2;0;1;2;0;8;na;na;na;7;7;134;na;na;446;na;na;na
na;sm-dnos-234;-53.818497;-29.628662;2;3;275;2;2;269;2;4;147;2;1;104;2;1;2;2;0;7;na;na;na;2;1;48;na;na;260;na;na;na
na;sm-dnos-235;-53.816122;-29.630581;2;6;297;2;10;267;2;3;124;2;3;56;2;0;1;2;0;8;na;na;na;2;1;31;na;na;189;na;na;na
na;sm-dnos-236;-53.816982;-29.633061;2;1;320;2;7;195;2;2;60;2;0;29;2;1;2;3;1;5;na;na;na;3;2;20;na;na;96;1;na;150
na;sm-dnos-237;-53.813183;-29.638562;2;21;268;2;20;277;2;18;444;5;11;109;2;0;1;2;0;7;na;na;na;2;1;31;na;na;561;1;na;140
na;sm-dnos-238;-53.814983;-29.638336;2;5;291;2;3;147;2;35;440;2;6;159;2;0;1;2;0;9;na;na;na;2;0;20;na;na;609;1;na;152
na;sm-dnos-239;-53.814512;-29.635772;2;1;382;2;5;207;2;4;54;2;5;19;2;1;4;2;0;7;na;na;na;2;1;23;na;na;84;1;na;174
na;sm-dnos-240;-53.817575;-29.636101;2;6;232;2;0;305;2;0;81;2;1;36;2;0;1;2;0;3;na;na;na;2;1;33;na;na;121;1;na;139
na;sm-dnos-241;-53.817617;-29.639731;2;3;341;2;1;216;2;4;69;2;1;33;2;4;6;2;0;6;na;na;na;2;1;34;na;na;114;na;na;na
na;sm-dnos-242;-53.821581;-29.64418;3;31;327;2;16;158;2;2;75;2;1;59;2;1;4;2;0;3;na;na;na;4;3;75;na;na;141;na;na;na
na;sm-dnos-243;-53.816667;-29.643214;2;1;429;2;6;152;2;1;85;2;1;33;2;0;1;2;0;6;na;na;na;2;1;23;na;na;125;na;na;na
na;sm-dnos-244;-53.811389;-29.633871;2;3;817;2;3;83;2;0;52;2;1;19;2;1;2;2;0;2;na;na;na;2;0;15;na;na;75;na;na;na
na;sm-dnos-245;-53.810934;-29.63668;2;7;825;2;6;78;2;3;32;2;1;15;2;1;3;2;0;1;na;na;na;2;0;8;na;na;51;1;na;178
na;sm-dnos-246;-53.807824;-29.635346;2;1;867;2;1;71;2;1;6;2;0;1;2;1;12;2;0;1;na;na;na;2;1;6;na;na;20;1;na;140
na;sm-dnos-247;-53.805437;-29.635722;2;6;722;2;1;101;2;3;70;2;5;43;2;1;2;2;0;7;na;na;na;2;0;21;na;na;122;na;na;na
na;sm-dnos-248;-53.810392;-29.639428;2;1;791;2;1;90;2;0;37;2;1;17;2;1;2;2;0;1;na;na;na;3;1;10;na;na;57;na;na;na
na;sm-dnos-249;-53.806943;-29.61889;3;14;310;2;17;155;2;8;342;4;12;96;2;0;2;2;0;9;na;na;na;2;0;34;na;na;449;1;na;86
na;sm-dnos-250;-53.800208;-29.615565;2;4;208;2;0;343;4;4;7;4;1;4;2;1;42;2;0;3;na;na;na;2;0;19;na;na;56;1;na;147
na;sm-dnos-251;-53.804678;-29.617042;2;10;251;2;3;340;2;1;13;2;0;10;2;0;33;2;0;3;na;na;na;3;2;20;na;na;59;1;na;108
na;sm-dnos-252;-53.808918;-29.611013;4;3;252;4;15;364;2;0;14;2;0;4;2;3;30;2;1;6;na;na;na;2;1;25;na;na;54;1;na;158
na;sm-dnos-253;-53.814113;-29.608149;2;6;266;2;2;323;2;0;15;2;1;4;2;4;28;3;0;2;na;na;na;2;1;26;na;na;49;1;na;152
na;sm-dnos-254;-53.811593;-29.607023;2;2;309;2;4;253;2;2;16;2;1;7;2;1;16;2;0;2;na;na;na;2;1;25;na;na;41;1;na;136
na;sm-dnos-255;-53.809653;-29.608535;2;1;231;2;2;319;2;0;20;2;0;8;2;0;17;2;0;1;na;na;na;2;0;21;na;na;46;1;na;127
na;sm-dnos-256;-53.803377;-29.614425;2;6;217;2;6;287;2;1;26;2;0;2;2;1;18;2;0;1;na;na;na;2;0;26;na;na;47;1;na;138
na;sm-dnos-257;-53.802224;-29.611576;2;7;79;2;6;304;2;1;16;2;0;1;2;1;35;2;0;2;na;na;na;2;1;26;na;na;54;1;na;106
na;sm-dnos-258;-53.811102;-29.622458;2;13;234;2;11;149;2;8;155;2;3;107;2;1;3;2;0;10;na;na;na;2;1;42;na;na;275;na;na;na
na;sm-dnos-259;-53.802164;-29.606817;2;1;231;2;4;470;2;4;25;2;2;12;2;0;48;2;0;3;na;na;na;2;0;26;na;na;88;1;na;139
na;sm-dnos-260;-53.80344;-29.608928;2;1;291;2;1;307;2;0;29;2;1;8;2;0;10;2;0;2;na;na;na;3;2;29;na;na;49;1;na;137
na;sm-dnos-261;-53.8011;-29.60458;2;2;211;2;9;496;2;1;29;2;0;16;2;1;46;2;0;2;na;na;na;3;3;32;na;na;93;1;na;125
na;sm-dnos-262;-53.798785;-29.606302;2;0;261;2;1;387;2;0;10;2;1;5;2;1;40;2;0;3;na;na;na;3;1;25;na;na;58;1;na;155
na;sm-dnos-263;-53.796683;-29.607925;2;0;288;2;13;324;2;0;5;2;0;3;2;0;43;2;0;2;na;na;na;2;1;20;na;na;53;1;na;137
na;sm-dnos-264;-53.799702;-29.608878;2;3;276;2;1;254;2;1;27;2;1;12;2;0;13;2;1;4;na;na;na;2;0;18;na;na;56;1;na;171
na;sm-dnos-265;-53.806341;-29.609803;2;1;300;2;13;367;2;1;11;2;0;2;2;2;36;2;0;2;na;na;na;3;1;26;na;na;51;1;na;117
na;sm-dnos-266;-53.806074;-29.607538;2;0;283;2;18;303;2;1;40;2;0;20;2;1;10;2;0;7;na;na;na;4;3;49;na;na;77;1;na;85
na;sm-dnos-267;-53.80544;-29.612475;2;2;200;2;3;265;4;9;27;4;1;4;2;0;62;2;0;5;na;na;na;3;2;91;na;na;98;1;na;80
na;sm-dnos-268;-53.808803;-29.627639;2;5;449;2;1;169;2;1;67;2;1;15;2;1;2;2;0;6;na;na;na;2;0;17;na;na;90;1;na;137
na;sm-dnos-269;-53.806173;-29.626229;2;4;480;2;5;187;2;1;85;2;0;20;2;0;1;2;0;5;na;na;na;2;1;29;na;na;111;na;na;na
na;sm-dnos-270;-53.804337;-29.62449;2;11;370;2;3;177;2;3;70;2;0;40;2;1;2;2;1;7;na;na;na;3;1;30;na;na;119;na;na;na
na;sm-dnos-271;-53.805212;-29.627586;2;1;300;2;12;255;2;4;143;2;1;63;2;0;1;2;0;7;na;na;na;2;1;36;na;na;214;1;na;109
na;sm-dnos-272;-53.806629;-29.628861;2;10;370;2;1;177;2;8;116;2;2;56;2;0;1;2;0;7;na;na;na;2;0;24;na;na;180;na;na;na
na;sm-dnos-273;-53.805395;-29.630352;2;2;223;2;1;259;2;1;90;2;1;48;2;0;1;2;0;7;na;na;na;2;0;52;na;na;146;1;na;158
na;sm-dnos-274;-53.808268;-29.629849;2;11;644;2;19;166;2;11;93;2;11;85;2;1;7;2;1;4;na;na;na;2;1;14;na;na;189;na;na;na
na;sm-dnos-275;-53.807248;-29.632673;3;10;340;2;17;170;2;23;415;4;11;72;2;0;1;2;0;8;na;na;na;4;2;58;na;na;496;na;na;na
na;sm-dnos-276;-53.805602;-29.633343;3;5;355;3;37;231;2;3;128;2;1;55;2;0;1;2;0;6;na;na;na;2;1;51;na;na;190;na;na;na
na;sm-dnos-277;-53.811908;-29.628733;2;10;601;2;3;130;2;3;35;2;1;16;2;0;1;2;0;6;na;na;na;2;0;15;na;na;58;1;na;138
na;sm-dnos-278;-53.807237;-29.638006;3;4;664;3;14;114;2;1;30;2;0;6;2;1;2;2;0;3;na;na;na;2;0;13;na;na;41;1;na;168
na;sm-dnos-279;-53.805625;-29.640199;2;4;893;2;2;43;2;0;17;2;0;3;2;1;2;2;1;2;na;na;na;2;0;6;na;na;24;1;na;152
na;sm-dnos-280;-53.799526;-29.640821;2;1;720;2;0;94;2;1;30;2;1;6;2;0;3;2;0;2;na;na;na;2;0;11;na;na;41;1;na;166
na;sm-dnos-281;-53.799216;-29.643972;2;1;806;2;1;116;2;0;18;2;0;3;2;3;46;2;0;1;na;na;na;2;0;13;na;na;68;1;na;163
na;sm-dnos-282;-53.808783;-29.62472;2;6;314;2;11;235;2;1;21;2;0;5;2;0;7;2;0;1;na;na;na;2;0;14;na;na;34;1;na;183
na;sm-dnos-283;-53.807754;-29.622186;2;4;242;2;3;313;2;4;380;4;4;92;2;0;3;2;1;2;na;na;na;6;7;116;na;na;477;na;na;na
na;sm-dnos-284;-53.810271;-29.619944;2;5;189;2;8;335;2;10;395;4;6;82;2;0;1;2;0;9;na;na;na;3;5;95;na;na;487;na;na;na
na;sm-dnos-285;-53.81328;-29.621779;2;3;312;2;4;265;2;4;106;2;2;52;2;0;3;2;0;6;na;na;na;2;0;20;na;na;167;1;na;102
na;sm-dnos-286;-53.813476;-29.624584;2;1;912;2;3;42;2;2;14;2;1;3;2;0;1;2;1;2;na;na;na;2;1;6;na;na;20;1;na;172
na;sm-dnos-287;-53.811515;-29.625887;2;2;589;2;2;168;2;2;50;2;0;8;2;0;3;2;0;3;na;na;na;2;0;19;na;na;64;1;na;180
na;sm-dnos-288;-53.793397;-29.643112;2;1;385;2;1;252;2;17;360;4;5;54;2;0;1;2;0;9;na;na;na;3;2;90;na;na;424;1;na;128
na;sm-dnos-289;-53.794785;-29.644984;2;4;225;2;10;296;2;27;387;4;5;63;2;0;1;2;1;4;na;na;na;4;5;63;na;na;455;1;na;114
na;sm-dnos-290;-53.79614;-29.64296;2;7;781;2;2;102;2;5;55;2;1;22;2;0;1;3;1;5;na;na;na;2;0;12;na;na;83;1;na;147
na;sm-dnos-291;-53.797432;-29.645902;2;3;746;2;5;124;2;1;47;2;1;19;2;0;3;2;0;1;na;na;na;2;0;14;na;na;70;1;na;108
na;sm-dnos-292;-53.805281;-29.605145;2;4;233;2;1;273;2;7;64;2;5;46;2;0;1;2;0;3;na;na;na;2;1;28;na;na;114;1;na;128
na;sm-dnos-293;-53.802114;-29.626737;2;2;65;2;0;313;2;1;17;2;1;2;2;1;35;2;0;1;na;na;na;2;0;30;na;na;55;1;na;119
na;sm-dnos-294;-53.787525;-29.625315;2;3;236;2;7;347;2;1;21;2;0;4;2;1;15;2;1;4;na;na;na;2;0;22;na;na;44;1;na;147
na;sm-dnos-295;-53.787066;-29.630181;2;6;261;2;1;202;2;11;375;4;5;59;2;0;1;2;0;9;na;na;na;3;2;34;na;na;444;1;na;109
na;sm-dnos-296;-53.785893;-29.631712;2;5;283;2;7;262;2;4;142;2;1;74;2;0;1;2;0;9;na;na;na;2;1;38;na;na;226;na;na;na
na;sm-dnos-297;-53.781947;-29.633002;3;20;214;2;16;296;2;16;467;4;4;77;2;0;1;2;0;10;na;na;na;4;14;163;na;na;555;na;na;na
na;sm-dnos-298;-53.778198;-29.633508;2;10;265;2;1;170;2;1;45;2;0;20;2;3;20;2;0;7;na;na;na;4;5;72;na;na;92;1;na;151
na;sm-dnos-299;-53.776262;-29.634397;2;16;278;2;4;146;2;4;54;2;1;22;2;0;1;2;0;4;na;na;na;3;1;10;na;na;81;1;na;148
na;sm-dnos-300;-53.779644;-29.640146;2;3;651;2;2;121;2;2;62;2;1;22;2;0;1;2;0;5;na;na;na;3;1;11;na;na;90;1;na;152
na;sm-dnos-301;-53.781591;-29.638951;2;1;613;2;2;119;2;1;54;2;0;12;2;0;1;2;0;6;na;na;na;2;0;10;na;na;73;na;na;na
na;sm-dnos-302;-53.779321;-29.636665;3;7;776;3;2;61;2;1;31;2;1;5;2;0;1;2;0;3;na;na;na;2;0;15;na;na;40;1;na;151
na;sm-dnos-303;-53.782053;-29.629925;2;3;207;2;4;256;2;0;427;4;3;36;2;0;1;2;0;9;na;na;na;2;1;96;na;na;473;na;na;na
na;sm-dnos-304;-53.781895;-29.646936;2;0;508;2;1;117;2;2;142;2;2;82;2;0;1;2;0;4;na;na;na;2;1;17;na;na;229;1;na;143
na;sm-dnos-305;-53.78165;-29.643288;2;1;862;2;0;65;2;5;10;2;1;3;2;0;8;2;0;2;na;na;na;2;0;8;na;na;23;1;na;145
na;sm-dnos-306;-53.783971;-29.641426;2;4;837;2;3;72;2;0;11;2;0;2;2;1;9;2;0;2;na;na;na;2;1;11;na;na;24;1;na;155
na;sm-dnos-307;-53.78928;-29.645178;2;2;798;2;3;88;2;0;17;2;1;5;2;1;9;2;0;2;na;na;na;2;1;10;na;na;33;1;na;172
na;sm-dnos-308;-53.801995;-29.643462;2;1;869;2;5;60;2;0;13;2;0;4;2;0;8;2;0;2;na;na;na;2;0;6;na;na;27;1;na;178
na;sm-dnos-309;-53.798483;-29.638399;2;9;586;2;4;145;2;4;41;2;1;12;2;1;2;2;0;7;na;na;na;2;1;19;na;na;62;na;na;na
na;sm-dnos-310;-53.796176;-29.636379;2;6;544;2;4;128;2;1;91;2;0;37;2;0;1;2;0;6;na;na;na;2;1;14;na;na;135;na;na;na
na;sm-dnos-311;-53.796364;-29.634465;2;5;801;2;3;78;2;1;45;2;1;16;2;0;1;2;0;4;na;na;na;2;1;13;na;na;66;na;na;na
na;sm-dnos-312;-53.801775;-29.631777;2;21;189;2;18;246;2;1;157;2;1;89;2;0;1;2;0;10;na;na;na;3;6;101;na;na;257;na;na;na
na;sm-dnos-313;-53.798727;-29.631263;2;3;395;2;5;195;2;1;108;2;1;50;2;0;1;2;0;9;na;na;na;4;2;32;na;na;168;na;na;na
na;sm-dnos-314;-53.796921;-29.625943;2;2;278;2;1;344;2;1;24;2;0;6;2;1;15;2;0;2;na;na;na;2;0;27;na;na;47;1;na;136
na;sm-dnos-315;-53.793425;-29.628681;2;2;196;2;3;241;2;2;57;2;1;32;2;1;2;2;1;6;na;na;na;4;2;37;na;na;97;1;na;150
na;sm-dnos-316;-53.796474;-29.630243;2;7;330;2;2;229;2;1;40;2;1;15;2;1;13;2;0;5;na;na;na;3;1;23;na;na;73;na;na;na
na;sm-dnos-317;-53.798254;-29.629007;2;16;297;2;8;153;2;1;49;2;1;34;2;0;1;2;0;9;na;na;na;3;2;52;na;na;93;na;na;na
na;sm-dnos-318;-53.802661;-29.635847;2;2;269;2;5;202;2;11;551;4;1;91;2;0;1;2;0;11;na;na;na;7;6;144;na;na;654;na;na;na
na;sm-dnos-319;-53.803755;-29.637746;2;2;291;2;1;191;2;4;51;2;1;10;2;1;3;2;0;8;na;na;na;2;0;23;na;na;72;na;na;na
na;sm-dnos-320;-53.802998;-29.639039;2;4;206;2;2;224;2;6;78;2;1;17;2;0;1;2;0;7;na;na;na;2;1;44;na;na;103;1;na;138
na;sm-dnos-321;-53.801426;-29.638301;2;1;421;2;2;147;2;1;61;2;0;16;2;0;3;2;0;6;na;na;na;2;1;23;na;na;86;1;na;146
na;sm-dnos-322;-53.799553;-29.635547;2;3;397;2;2;197;2;1;58;2;0;15;2;1;2;2;0;5;na;na;na;2;1;22;na;na;80;na;na;na
na;sm-dnos-323;-53.802428;-29.641051;2;15;538;2;4;183;2;51;464;4;5;96;2;1;2;2;0;10;na;na;na;4;8;96;na;na;572;na;na;na
na;sm-dnos-324;-53.787873;-29.625082;2;17;271;2;6;190;2;6;231;2;1;23;2;0;0;2;0;3;na;na;na;2;1;38;na;na;257;1;na;75
na;sm-dnos-325;-53.786644;-29.62871;2;15;365;2;9;51;2;8;327;2;1;26;2;0;0;2;0;4;na;na;na;2;1;44;na;na;357;1;na;107
na;sm-dnos-326;-53.788389;-29.628381;2;5;432;2;1;27;2;8;500;2;0;73;2;0;1;2;0;3;na;na;na;2;1;29;na;na;577;1;na;102
na;sm-dnos-327;-53.788474;-29.626886;2;9;397;2;21;62;2;24;359;2;3;31;2;0;1;2;0;4;na;na;na;2;1;55;na;na;395;1;na;72
na;sm-dnos-328;-53.788732;-29.626399;2;6;432;2;10;10;2;4;369;2;0;40;2;1;2;2;0;4;na;na;na;2;0;20;na;na;415;1;na;104
na;sm-dnos-329;-53.788224;-29.627674;2;16;300;2;4;163;2;3;480;2;13;124;2;0;0;2;0;4;na;na;na;2;1;56;na;na;608;1;na;87
na;sm-dnos-330;-53.789644;-29.627991;2;13;357;2;10;85;2;33;541;2;1;99;2;0;0;2;0;4;na;na;na;2;1;41;na;na;644;1;na;101
na;sm-dnos-331;-53.790217;-29.627805;2;2;364;2;28;55;2;14;333;2;1;34;2;1;1;2;0;3;na;na;na;2;0;34;na;na;371;1;na;107
na;sm-dnos-332;-53.79037;-29.622202;2;9;208;2;7;412;2;1;39;2;0;10;2;2;24;2;0;3;na;na;na;2;1;41;na;na;76;1;na;90
na;sm-dnos-333;-53.793849;-29.623116;2;2;261;2;21;262;2;5;147;2;1;20;2;1;2;2;0;3;na;na;na;2;1;44;na;na;172;1;na;100
na;sm-dnos-334;-53.794571;-29.623717;2;9;416;2;12;134;2;11;313;2;3;93;2;1;1;2;0;4;na;na;na;2;1;113;na;na;411;na;na;na
na;sm-dnos-335;-53.795534;-29.62455;2;6;355;2;12;104;2;0;306;2;1;60;2;0;1;2;1;4;na;na;na;2;2;94;na;na;371;1;na;110
na;sm-dnos-336;-53.797046;-29.626271;2;6;273;2;22;273;2;1;42;2;0;4;2;0;21;2;0;3;na;na;na;2;1;35;na;na;70;1;na;132
na;sm-dnos-337;-53.796533;-29.626693;2;1;233;2;3;238;2;1;79;2;0;5;2;1;10;2;0;3;na;na;na;2;0;36;na;na;97;1;na;101
na;sm-dnos-338;-53.797059;-29.628048;2;3;239;2;4;284;2;0;88;2;0;11;2;1;6;2;0;3;na;na;na;2;1;33;na;na;108;1;na;92
na;sm-dnos-339;-53.799666;-29.627511;2;18;443;2;2;165;2;8;297;2;2;41;2;2;5;2;0;3;na;na;na;2;1;111;na;na;346;na;na;na
na;sm-dnos-340;-53.795503;-29.629005;2;12;198;2;3;245;2;6;373;2;0;75;2;0;1;2;0;4;na;na;na;2;1;116;na;na;453;1;na;77
na;PabloP2;-53.78675;-29.625786;2;1;285;2;1;324;na;na;43;na;na;43;na;na;9;na;na;4;na;na;na;na;na;21;na;na;99;na;na;na
na;PabloP3;-53.788053;-29.621744;2;1;187;2;1;440;na;na;10;na;na;25;na;na;45;na;na;2;na;na;na;na;na;19;na;na;82;na;na;na
na;PabloP4;-53.810831;-29.636804;1;na;829;1;na;74;na;na;53;na;na;57;na;na;6;na;na;1;na;na;na;na;na;2;na;na;117;na;na;na
na;PabloP5;-53.808223;-29.634483;1;na;834;1;na;71;na;na;38;na;na;36;na;na;7;na;na;1;na;na;na;na;na;7;na;na;82;na;na;na
na;PabloP6;-53.812302;-29.614729;1;na;104;1;na;354;na;na;44;na;na;4;na;na;57;na;na;4;na;na;na;na;na;6;na;na;109;na;na;na
na;PabloP8;-53.789084;-29.654292;na;na;763;na;na;107;na;na;14;na;na;2;na;na;32;na;na;3;na;na;na;na;na;9;na;na;51;na;na;na
na;PabloP9;-53.789503;-29.653012;na;na;669;na;na;127;na;na;20;na;na;3;na;na;26;na;na;3;na;na;na;na;na;9;na;na;52;na;na;na
na;PabloP10;-53.789591;-29.654688;na;na;635;na;na;107;na;na;27;na;na;0;na;na;28;na;na;1;na;na;na;na;na;10;na;na;56;na;na;na
na;PabloP11;-53.797823;-29.652891;na;na;534;na;na;256;na;na;23;na;na;4;na;na;94;na;na;4;na;na;na;na;na;9;na;na;125;na;na;na
na;Pedron5;-53.793994;-29.651835;na;na;826;na;na;68;na;na;44;na;na;12;na;na;1;na;na;3;na;na;na;na;na;5;na;na;60;na;na;na
na;sm-dnos-341;-53.805933;-29.641887;2;3;871;2;0;60;3;1;8;3;1;2;3;1;10;3;0;2;3;0;0;2;0;5;na;na;22;na;na;na
na;sm-dnos-342;-53.806853;-29.642282;2;1;840;2;4;58;3;0;10;3;0;0;3;1;8;3;0;2;3;0;0;2;0;4;na;na;20;na;na;na
na;sm-dnos-343;-53.807792;-29.64265;2;1;838;2;1;74;3;1;11;3;0;2;3;1;5;3;0;1;3;1;0;2;1;8;na;na;19;na;na;na
na;sm-dnos-344;-53.808722;-29.643027;2;2;863;2;2;61;3;1;10;3;0;1;3;0;8;3;0;0;3;0;0;2;0;7;na;na;19;na;na;na
na;sm-dnos-345;-53.809662;-29.643413;2;1;886;2;1;62;3;2;9;3;0;0;3;1;12;3;0;0;3;1;0;2;0;8;na;na;21;na;na;na
na;sm-dnos-346;-53.80773;-29.640775;2;7;536;2;1;193;3;3;79;3;2;22;3;2;12;3;0;1;3;0;2;2;0;13;na;na;116;na;na;na
na;sm-dnos-347;-53.808717;-29.640989;2;1;595;2;0;161;3;2;71;3;1;30;3;1;8;3;0;2;3;0;1;2;0;11;na;na;112;na;na;na
na;sm-dnos-348;-53.809787;-29.641237;2;1;706;2;13;156;3;4;88;3;2;35;3;0;2;3;0;3;3;1;1;2;1;12;na;na;129;na;na;na
na;sm-dnos-349;-53.81069;-29.641407;2;0;689;2;5;114;3;3;60;3;0;8;3;0;2;4;1;4;4;0;0;2;1;14;na;na;74;na;na;na
na;sm-dnos-350;-53.811657;-29.641666;2;2;731;2;1;118;3;1;84;3;2;35;3;0;1;3;0;1;3;1;1;2;0;12;na;na;122;na;na;na
na;sm-dnos-351;-53.807954;-29.649601;2;1;839;2;1;64;3;2;23;3;0;3;3;0;4;3;1;2;3;0;0;2;0;9;na;na;32;na;na;na
na;sm-dnos-352;-53.808951;-29.649417;2;0;883;2;2;59;3;1;2;3;0;0;3;1;9;3;0;2;3;0;0;2;0;6;na;na;13;na;na;na
na;sm-dnos-353;-53.809981;-29.649341;2;1;898;2;2;42;3;1;10;3;0;1;3;1;3;4;2;2;4;0;0;2;0;5;na;na;16;na;na;na
na;sm-dnos-354;-53.811022;-29.649265;2;1;795;2;2;117;3;1;36;3;0;10;3;2;17;3;0;2;3;0;1;2;0;9;na;na;66;na;na;na
na;sm-dnos-355;-53.812053;-29.649189;2;0;895;2;4;53;3;2;16;3;0;2;3;1;4;3;0;2;3;0;0;2;0;6;na;na;24;na;na;na
na;sm-dnos-356;-53.815417;-29.632819;2;25;467;2;6;167;3;4;226;3;1;57;3;0;2;6;2;5;6;1;1;2;1;71;na;na;291;na;na;na
na;sm-dnos-357;-53.814453;-29.632308;2;3;892;2;1;43;3;1;48;3;0;7;3;0;1;3;1;3;3;1;0;2;1;7;na;na;59;na;na;na
na;sm-dnos-358;-53.813526;-29.632003;2;4;417;2;8;208;6;35;306;3;4;64;3;1;1;6;2;6;6;1;1;4;1;37;na;na;378;na;na;na
na;sm-dnos-359;-53.812514;-29.631627;2;0;811;2;0;88;3;4;88;3;1;27;3;0;1;4;1;1;4;0;1;2;1;12;na;na;118;na;na;na
na;sm-dnos-360;-53.811566;-29.631305;2;1;891;2;2;46;3;1;9;3;0;1;3;1;7;3;0;1;3;0;0;2;1;80;na;na;18;na;na;na
na;sm-dnos-361;-53.787474;-29.623597;2;11;217;2;12;549;3;4;25;3;0;5;3;2;26;3;0;2;3;1;0;2;1;20;na;na;58;na;na;na
na;sm-dnos-362;-53.786729;-29.62428;2;8;301;2;4;345;3;1;22;3;1;5;3;0;22;3;0;1;3;1;0;2;0;22;na;na;50;na;na;na
na;sm-dnos-363;-53.786023;-29.624881;2;6;270;2;8;360;3;2;23;3;0;4;3;1;22;3;0;2;3;1;1;2;1;21;na;na;52;na;na;na
na;sm-dnos-364;-53.785329;-29.625572;2;5;342;2;2;283;3;2;31;3;0;4;3;1;12;3;0;1;3;0;0;2;0;25;na;na;48;na;na;na
na;sm-dnos-365;-53.784594;-29.626228;2;9;223;2;2;397;3;2;14;3;0;1;3;1;35;4;1;1;4;0;0;2;1;21;na;na;51;na;na;na
na;sm-dnos-366;-53.775854;-29.637668;2;5;453;2;4;128;3;4;71;3;0;14;3;1;24;4;1;3;4;1;1;2;1;21;na;na;113;na;na;na
na;sm-dnos-367;-53.775065;-29.638261;2;6;324;2;3;134;3;4;94;3;1;18;3;1;21;4;1;2;4;1;0;2;0;25;na;na;135;na;na;na
na;sm-dnos-368;-53.774265;-29.638837;2;13;408;2;1;155;3;1;87;3;1;21;3;1;12;3;0;4;3;0;0;2;1;23;na;na;124;na;na;na
na;sm-dnos-369;-53.773475;-29.639413;2;8;296;2;1;184;3;6;93;3;1;13;3;0;5;3;1;3;3;1;0;2;1;28;na;na;114;na;na;na
na;sm-dnos-370;-53.772686;-29.639998;2;1;330;2;2;225;3;3;58;3;0;9;3;1;16;6;2;4;6;0;0;2;1;30;na;na;87;na;na;na
na;sm-dnos-371;-53.791783;-29.651431;2;9;682;2;10;140;3;2;41;3;0;11;3;1;9;3;0;1;3;1;0;2;0;14;na;na;62;na;na;na
na;sm-dnos-372;-53.790984;-29.652034;2;3;722;2;0;111;3;0;9;3;1;1;3;1;8;3;1;1;3;0;0;2;0;10;na;na;19;na;na;na
na;sm-dnos-373;-53.790196;-29.652664;2;2;735;2;1;116;3;4;34;3;0;2;3;2;10;3;0;1;3;0;0;2;0;12;na;na;47;na;na;na
na;sm-dnos-374;-53.789439;-29.653311;2;0;830;2;1;85;3;1;9;3;0;1;3;3;17;3;1;1;3;0;0;2;0;8;na;na;28;na;na;na
na;sm-dnos-375;-53.788711;-29.653849;2;2;842;2;9;62;3;1;5;3;0;1;3;4;8;3;0;1;3;0;0;2;1;7;na;na;15;na;na;na
na;sm-dnos-376;-53.798455;-29.616411;2;4;208;2;15;284;3;6;86;3;1;28;3;1;7;3;0;3;3;0;1;2;1;55;na;na;125;na;na;na
na;sm-dnos-377;-53.798779;-29.617297;2;1;219;2;2;410;3;4;19;3;1;8;3;2;26;3;1;1;3;0;0;2;1;23;na;na;54;na;na;na
na;sm-dnos-378;-53.79908;-29.618103;2;4;213;2;1;366;3;1;7;3;1;12;3;1;24;3;1;3;3;1;0;2;1;22;na;na;46;na;na;na
na;sm-dnos-379;-53.799403;-29.618962;2;1;198;2;1;346;3;1;44;3;0;16;3;4;21;3;1;3;3;0;0;2;0;27;na;na;84;na;na;na
na;sm-dnos-380;-53.799727;-29.619839;2;1;230;2;8;345;3;2;67;3;1;15;3;1;21;3;1;3;3;1;0;2;0;47;na;na;106;na;na;na
na;sm-dnos-381;-53.809508;-29.627858;2;8;409;2;7;217;6;45;280;3;1;61;3;1;2;6;4;24;6;1;0;2;4;81;na;na;367;na;na;na
na;sm-dnos-382;-53.808711;-29.628533;2;6;356;2;10;270;3;11;251;3;1;58;3;1;2;6;2;7;6;0;0;2;2;67;na;na;318;na;na;na
na;sm-dnos-383;-53.80789;-29.629073;2;0;871;2;0;77;3;1;20;3;0;1;3;1;13;3;1;0;3;1;1;2;1;6;na;na;35;na;na;na
na;sm-dnos-384;-53.807069;-29.629605;2;8;411;2;5;188;3;9;222;3;6;50;3;0;2;6;2;7;6;0;0;2;0;34;na;na;281;na;na;na
na;sm-dnos-385;-53.806321;-29.63018;4;24;271;4;27;188;3;27;490;3;9;159;3;1;1;6;2;7;6;0;0;2;0;38;na;na;657;na;na;na
na;sm-dnos-386;-53.817653;-29.645264;2;1;206;2;9;314;3;10;181;3;1;41;3;0;2;6;2;5;6;0;0;2;0;33;na;na;229;na;na;na
na;sm-dnos-387;-53.816633;-29.644952;2;1;382;2;5;187;3;11;233;3;1;54;3;1;3;3;0;5;3;0;0;2;1;30;na;na;295;na;na;na
na;sm-dnos-388;-53.815736;-29.644637;2;4;640;2;0;229;3;3;93;3;2;22;3;1;9;3;0;1;3;0;1;2;0;27;na;na;126;na;na;na
na;sm-dnos-389;-53.814786;-29.644251;2;0;884;2;0;42;3;3;23;3;0;4;3;1;3;3;0;2;3;0;0;2;1;6;na;na;32;na;na;na
na;sm-dnos-390;-53.813846;-29.643883;2;11;643;2;1;137;3;8;220;4;7;96;3;1;10;3;0;2;3;0;0;2;1;11;na;na;328;na;na;na
na;sm-dnos-391;-53.803137;-29.613651;2;10;320;2;4;337;3;3;62;3;1;8;3;1;13;3;1;6;3;1;0;2;0;43;na;na;89;na;na;na
na;sm-dnos-392;-53.802267;-29.613174;2;3;94;2;35;287;3;9;35;3;1;3;3;3;18;3;0;1;3;0;1;2;1;32;na;na;58;na;na;na
na;sm-dnos-393;-53.801399;-29.612732;2;10;319;2;4;218;3;5;41;3;0;3;3;1;12;3;0;1;3;0;0;2;0;20;na;na;57;na;na;na
na;sm-dnos-394;-53.800487;-29.612246;2;5;262;2;3;237;3;1;38;3;0;4;3;1;13;3;1;3;3;0;0;2;0;22;na;na;58;na;na;na
na;sm-dnos-395;-53.799588;-29.611823;2;1;250;2;11;324;3;6;173;3;3;54;3;1;3;3;0;5;3;0;1;2;1;30;na;na;236;na;na;na
na;sm-dnos-396;-53.806504;-29.610721;4;22;263;4;45;347;3;2;45;3;0;8;3;1;25;3;0;3;3;0;0;2;1;40;na;na;81;na;na;na
na;sm-dnos-397;-53.806146;-29.611576;2;0;284;2;5;354;3;0;38;3;1;4;3;1;28;3;1;3;3;0;0;2;1;32;na;na;73;na;na;na
na;sm-dnos-398;-53.805798;-29.61245;2;11;296;2;1;244;3;3;54;3;0;4;3;1;7;3;0;1;3;0;0;2;0;19;na;na;66;na;na;na
na;sm-dnos-399;-53.805428;-29.61326;2;4;149;2;5;217;3;2;24;3;0;1;3;1;15;3;0;1;3;0;0;2;1;14;na;na;41;na;na;na
na;sm-dnos-400;-53.805081;-29.614124;2;3;266;2;2;306;3;4;246;3;2;45;3;2;4;3;0;4;3;1;1;2;1;37;na;na;300;na;na;na
